{
  "ExportedBy": "StudioWeb",
  "BundleHash": null,
  "Version": "1.0.0.0",
  "JitAssemblyCompilerCommands": [
    {
      "ProviderName": "CustomEntities",
      "BundleOptions": {
        "Hash": "1381212083",
        "BundleName": "ExtendedExtractionResultsForDocumentData.Invoices",
        "EntitiesBundle": {
          "Types": {
            "Items": {
              "Name": "Items",
              "Properties": [
                {
                  "Name": "Description",
                  "Type": {
                    "ClrType": "UiPath.IntelligentOCR.StudioWeb.Activities.DataExtraction.ExtractedField`1[[System.String, System.Private.CoreLib]], UiPath.IntelligentOCR.StudioWeb.Activities"
                  }
                },
                {
                  "Name": "Quantity",
                  "Type": {
                    "ClrType": "UiPath.IntelligentOCR.StudioWeb.Activities.DataExtraction.ExtractedField`1[[System.Nullable`1[[System.Double, System.Private.CoreLib]], System.Private.CoreLib]], UiPath.IntelligentOCR.StudioWeb.Activities"
                  }
                },
                {
                  "Name": "UnitPrice",
                  "Type": {
                    "ClrType": "UiPath.IntelligentOCR.StudioWeb.Activities.DataExtraction.ExtractedField`1[[System.Nullable`1[[System.Double, System.Private.CoreLib]], System.Private.CoreLib]], UiPath.IntelligentOCR.StudioWeb.Activities"
                  }
                },
                {
                  "Name": "LineAmount",
                  "Type": {
                    "ClrType": "UiPath.IntelligentOCR.StudioWeb.Activities.DataExtraction.ExtractedField`1[[System.Nullable`1[[System.Double, System.Private.CoreLib]], System.Private.CoreLib]], UiPath.IntelligentOCR.StudioWeb.Activities"
                  }
                },
                {
                  "Name": "ItemPoNo",
                  "Type": {
                    "ClrType": "UiPath.IntelligentOCR.StudioWeb.Activities.DataExtraction.ExtractedField`1[[System.String, System.Private.CoreLib]], UiPath.IntelligentOCR.StudioWeb.Activities"
                  }
                },
                {
                  "Name": "LineNo",
                  "Type": {
                    "ClrType": "UiPath.IntelligentOCR.StudioWeb.Activities.DataExtraction.ExtractedField`1[[System.String, System.Private.CoreLib]], UiPath.IntelligentOCR.StudioWeb.Activities"
                  }
                },
                {
                  "Name": "PartNo",
                  "Type": {
                    "ClrType": "UiPath.IntelligentOCR.StudioWeb.Activities.DataExtraction.ExtractedField`1[[System.String, System.Private.CoreLib]], UiPath.IntelligentOCR.StudioWeb.Activities"
                  }
                }
              ],
              "BaseType": {
                "ClrType": "UiPath.IntelligentOCR.StudioWeb.Activities.DataExtraction.ExtendedExtractionResultsForDocumentData, UiPath.IntelligentOCR.StudioWeb.Activities"
              }
            },
            "Invoices": {
              "Name": "Invoices",
              "Properties": [
                {
                  "Name": "Name",
                  "Type": {
                    "ClrType": "UiPath.IntelligentOCR.StudioWeb.Activities.DataExtraction.ExtractedField`1[[System.String, System.Private.CoreLib]], UiPath.IntelligentOCR.StudioWeb.Activities"
                  }
                },
                {
                  "Name": "VendorAddr",
                  "Type": {
                    "ClrType": "UiPath.IntelligentOCR.StudioWeb.Activities.DataExtraction.ExtractedField`1[[System.String, System.Private.CoreLib]], UiPath.IntelligentOCR.StudioWeb.Activities"
                  }
                },
                {
                  "Name": "BillingName",
                  "Type": {
                    "ClrType": "UiPath.IntelligentOCR.StudioWeb.Activities.DataExtraction.ExtractedField`1[[System.String, System.Private.CoreLib]], UiPath.IntelligentOCR.StudioWeb.Activities"
                  }
                },
                {
                  "Name": "BillingAddr",
                  "Type": {
                    "ClrType": "UiPath.IntelligentOCR.StudioWeb.Activities.DataExtraction.ExtractedField`1[[System.String, System.Private.CoreLib]], UiPath.IntelligentOCR.StudioWeb.Activities"
                  }
                },
                {
                  "Name": "ShippingAddr",
                  "Type": {
                    "ClrType": "UiPath.IntelligentOCR.StudioWeb.Activities.DataExtraction.ExtractedField`1[[System.String, System.Private.CoreLib]], UiPath.IntelligentOCR.StudioWeb.Activities"
                  }
                },
                {
                  "Name": "InvoiceNo",
                  "Type": {
                    "ClrType": "UiPath.IntelligentOCR.StudioWeb.Activities.DataExtraction.ExtractedField`1[[System.String, System.Private.CoreLib]], UiPath.IntelligentOCR.StudioWeb.Activities"
                  }
                },
                {
                  "Name": "PoNo",
                  "Type": {
                    "ClrType": "UiPath.IntelligentOCR.StudioWeb.Activities.DataExtraction.ExtractedField`1[[System.String, System.Private.CoreLib]], UiPath.IntelligentOCR.StudioWeb.Activities"
                  }
                },
                {
                  "Name": "VendorVatNo",
                  "Type": {
                    "ClrType": "UiPath.IntelligentOCR.StudioWeb.Activities.DataExtraction.ExtractedField`1[[System.String, System.Private.CoreLib]], UiPath.IntelligentOCR.StudioWeb.Activities"
                  }
                },
                {
                  "Name": "Date",
                  "Type": {
                    "ClrType": "UiPath.IntelligentOCR.StudioWeb.Activities.DataExtraction.ExtractedField`1[[System.Nullable`1[[System.DateTime, System.Private.CoreLib]], System.Private.CoreLib]], UiPath.IntelligentOCR.StudioWeb.Activities"
                  }
                },
                {
                  "Name": "Tax",
                  "Type": {
                    "ClrType": "UiPath.IntelligentOCR.StudioWeb.Activities.DataExtraction.ExtractedField`1[[System.Nullable`1[[System.Double, System.Private.CoreLib]], System.Private.CoreLib]], UiPath.IntelligentOCR.StudioWeb.Activities"
                  }
                },
                {
                  "Name": "Total",
                  "Type": {
                    "ClrType": "UiPath.IntelligentOCR.StudioWeb.Activities.DataExtraction.ExtractedField`1[[System.Nullable`1[[System.Double, System.Private.CoreLib]], System.Private.CoreLib]], UiPath.IntelligentOCR.StudioWeb.Activities"
                  }
                },
                {
                  "Name": "PaymentTerms",
                  "Type": {
                    "ClrType": "UiPath.IntelligentOCR.StudioWeb.Activities.DataExtraction.ExtractedField`1[[System.String, System.Private.CoreLib]], UiPath.IntelligentOCR.StudioWeb.Activities"
                  }
                },
                {
                  "Name": "NetAmount",
                  "Type": {
                    "ClrType": "UiPath.IntelligentOCR.StudioWeb.Activities.DataExtraction.ExtractedField`1[[System.Nullable`1[[System.Double, System.Private.CoreLib]], System.Private.CoreLib]], UiPath.IntelligentOCR.StudioWeb.Activities"
                  }
                },
                {
                  "Name": "DueDate",
                  "Type": {
                    "ClrType": "UiPath.IntelligentOCR.StudioWeb.Activities.DataExtraction.ExtractedField`1[[System.Nullable`1[[System.DateTime, System.Private.CoreLib]], System.Private.CoreLib]], UiPath.IntelligentOCR.StudioWeb.Activities"
                  }
                },
                {
                  "Name": "Discount",
                  "Type": {
                    "ClrType": "UiPath.IntelligentOCR.StudioWeb.Activities.DataExtraction.ExtractedField`1[[System.Nullable`1[[System.Double, System.Private.CoreLib]], System.Private.CoreLib]], UiPath.IntelligentOCR.StudioWeb.Activities"
                  }
                },
                {
                  "Name": "ShippingCharges",
                  "Type": {
                    "ClrType": "UiPath.IntelligentOCR.StudioWeb.Activities.DataExtraction.ExtractedField`1[[System.Nullable`1[[System.Double, System.Private.CoreLib]], System.Private.CoreLib]], UiPath.IntelligentOCR.StudioWeb.Activities"
                  }
                },
                {
                  "Name": "PaymentAddr",
                  "Type": {
                    "ClrType": "UiPath.IntelligentOCR.StudioWeb.Activities.DataExtraction.ExtractedField`1[[System.String, System.Private.CoreLib]], UiPath.IntelligentOCR.StudioWeb.Activities"
                  }
                },
                {
                  "Name": "BillingVatNo",
                  "Type": {
                    "ClrType": "UiPath.IntelligentOCR.StudioWeb.Activities.DataExtraction.ExtractedField`1[[System.String, System.Private.CoreLib]], UiPath.IntelligentOCR.StudioWeb.Activities"
                  }
                },
                {
                  "Name": "Currency",
                  "Type": {
                    "ClrType": "UiPath.IntelligentOCR.StudioWeb.Activities.DataExtraction.ExtractedField`1[[System.String, System.Private.CoreLib]], UiPath.IntelligentOCR.StudioWeb.Activities"
                  }
                },
                {
                  "Name": "Items",
                  "Type": {
                    "DefinitionName": "Items"
                  },
                  "IsCollection": true
                }
              ],
              "BaseType": {
                "ClrType": "UiPath.IntelligentOCR.StudioWeb.Activities.DataExtraction.ExtendedExtractionResultsForDocumentData, UiPath.IntelligentOCR.StudioWeb.Activities"
              }
            }
          },
          "Version": 1
        }
      },
      "EntityAssemblyKey": {
        "Name": "UiPath.IntelligentOCR.StudioWeb.Activities.SWEntities.ExtendedExtractionResultsForDocumentData.Invoices",
        "Hash": "MTM4MTIxMjA4Mw",
        "AssemblyName": "ExtendedExtractionRe.d58Ae2kkDOS1x4ddu3lX6d84"
      }
    }
  ]
}